{"cameraMode":{"drawMode":0,"name":"Shaded","section":"Shading Mode"},"sceneLighting":true,"audioPlay":false,"sceneViewState":{"showFog":true,"showMaterialUpdate":true,"showSkybox":true,"showFlares":true,"showImageEffects":true,"showParticleSystems":true},"in2DMode":false,"pivot":{"x":1.3251252174377442,"y":1.5114760398864747,"z":-0.08062798529863358},"rotation":{"x":0.11581415683031082,"y":-0.8640540242195129,"z":0.4315415024757385,"w":0.2318880409002304},"size":1.6765878200531006,"orthographic":false}