{"cameraMode":{"drawMode":0,"name":"Shaded","section":"Shading Mode"},"sceneLighting":true,"audioPlay":false,"sceneViewState":{"showFog":true,"showMaterialUpdate":true,"showSkybox":true,"showFlares":true,"showImageEffects":true,"showParticleSystems":true},"in2DMode":false,"pivot":{"x":-3.46337890625,"y":14.566864013671875,"z":-1.6434106826782227},"rotation":{"x":0.09954629093408585,"y":-0.8511977791786194,"z":0.17477497458457948,"w":0.48486050963401797},"size":25.35377311706543,"orthographic":false}