{"cameraMode":{"drawMode":0,"name":"Shaded","section":"Shading Mode"},"sceneLighting":true,"audioPlay":false,"sceneViewState":{"showFog":true,"showMaterialUpdate":true,"showSkybox":true,"showFlares":true,"showImageEffects":true,"showParticleSystems":true},"in2DMode":false,"pivot":{"x":180.0000457763672,"y":88.46500396728516,"z":0.0700000524520874},"rotation":{"x":-0.04117247834801674,"y":0.8663485646247864,"z":-0.07241562008857727,"w":-0.4924599528312683},"size":212.81605529785157,"orthographic":false}