{"cameraMode":{"drawMode":0,"name":"Shaded","section":"Shading Mode"},"sceneLighting":false,"audioPlay":false,"sceneViewState":{"showFog":true,"showMaterialUpdate":true,"showSkybox":false,"showFlares":true,"showImageEffects":true,"showParticleSystems":true},"in2DMode":false,"pivot":{"x":13.0,"y":1.000000238418579,"z":0.0700000524520874},"rotation":{"x":0.04773423448204994,"y":0.41539251804351809,"z":-0.02182568982243538,"w":0.9081740379333496},"size":0.8006047606468201,"orthographic":false}